# normalized_time, B2_par, B2_perp, E2_par, E2_perp, two_stream_growth, oblique_growth, filamentation_growth
0.000000000000000000e+00, 0.000000000000000000e+00, 0.000000000000000000e+00, 0.000000000000000000e+00, 0.000000000000000000e+00, 1.000000000000000000e+00, 1.000000000000000000e+00, 1.000000000000000000e+00
1.742842505793346930e-01, 0.000000000000000000e+00, 0.000000000000000000e+00, 3.336047711455108933e-09, 4.821823610904380973e-15, 1.000530470735752520e+00, 1.027939958918830499e+00, 1.046001702271161404e+00
3.485685011586693860e-01, 2.503504362130302169e-16, 3.770176467335549911e-10, 8.749050342320215107e-09, 6.598718168255089126e-11, 1.001061222870706313e+00, 1.056660559142047040e+00, 1.094119561154167419e+00
5.228527517380040512e-01, 1.820325455689507196e-15, 2.105628494717819651e-09, 2.388379534282653167e-08, 7.164913920518925049e-10, 1.001592256554135751e+00, 1.086183611755624501e+00, 1.144450923455435198e+00
6.971370023173387720e-01, 5.365026165722581040e-15, 8.328386089938247014e-09, 6.000437427276152910e-08, 3.692900408383726206e-09, 1.002123571935394031e+00, 1.116531537246383543e+00, 1.197097614100187890e+00
8.714212528966734927e-01, 1.020741779655079810e-14, 2.274351033315182676e-08, 7.376513086386265235e-08, 1.285782658580610450e-08, 1.002655169163913396e+00, 1.147727382528626272e+00, 1.252166142133542381e+00
1.045705503476008102e+00, 1.503520733830166422e-14, 3.943318592500786475e-08, 1.011817512662900946e-07, 3.027288596911271781e-08, 1.003187048389205804e+00, 1.179794838446493133e+00, 1.309767916197998483e+00
1.219989754055342823e+00, 1.912046041184440315e-14, 5.616435130525817574e-08, 1.040222969090858978e-07, 5.456171820046770312e-08, 1.003719209760862041e+00, 1.212758257765336412e+00, 1.370019469923258182e+00
1.394274004634677544e+00, 2.264121835143796902e-14, 6.666087692835085378e-08, 1.078201930207768652e-07, 8.111830803958327014e-08, 1.004251653428552826e+00, 1.246642673665772527e+00, 1.433042697684362432e+00
1.568558255214012265e+00, 2.611077772666013240e-14, 7.423866147748314801e-08, 1.083928293874056310e-07, 1.045381531814891491e-07, 1.004784379542027706e+00, 1.281473818754455207e+00, 1.498965101205100403e+00
1.742842505793346985e+00, 2.973189198044378166e-14, 7.945231842300815241e-08, 1.035603663246958791e-07, 1.227974352145869835e-07, 1.005317388251115940e+00, 1.317278144606011780e+00, 1.567920047505598768e+00
1.917126756372681706e+00, 3.328641104951064460e-14, 8.434387780609791740e-08, 1.044998462983374315e-07, 1.350620796374647578e-07, 1.005850679705726058e+00, 1.354082841850977159e+00, 1.640047038715936489e+00
2.091411006952016205e+00, 3.642543507526216195e-14, 9.027974778637599858e-08, 1.005705293366824210e-07, 1.430152059570621727e-07, 1.006384254055846750e+00, 1.391915860824986639e+00, 1.715491994301647116e+00
2.265695257531350926e+00, 3.902004968212151630e-14, 9.419352003789182909e-08, 1.018469547402159423e-07, 1.486696160009345723e-07, 1.006918111451545528e+00, 1.430805932794905644e+00, 1.794407546272072329e+00
2.439979508110685646e+00, 4.121968933515192197e-14, 9.893917917063973465e-08, 1.000164653864087077e-07, 1.535873331165633019e-07, 1.007452252042969620e+00, 1.470782591778014181e+00, 1.876953347968805419e+00
2.614263758690020367e+00, 4.327056057291805949e-14, 1.003513400949740843e-07, 1.007823441062100693e-07, 1.586800516762866050e-07, 1.007986675980346192e+00, 1.511876196970823205e+00, 1.963296397058926113e+00
2.788548009269355088e+00, 4.528958230965040504e-14, 1.039640512280054836e-07, 9.873999016068854208e-08, 1.636031161555814598e-07, 1.008521383413982120e+00, 1.554117955804545703e+00, 2.053611373386474703e+00
2.962832259848689809e+00, 4.720545808916938986e-14, 1.058477270279760274e-07, 9.758329416068559327e-08, 1.689960036144259185e-07, 1.009056374494263775e+00, 1.597539947644741609e+00, 2.148080992365670294e+00
3.137116510428024529e+00, 4.888142608217214852e-14, 1.099831414440092792e-07, 9.549820470959344550e-08, 1.746806107859631049e-07, 1.009591649371657462e+00, 1.642175148153126596e+00, 2.246896374630817039e+00
3.311400761007359250e+00, 5.026631297456462331e-14, 1.123095670966259671e-07, 9.245595610644513830e-08, 1.813759139355144302e-07, 1.010127208196709203e+00, 1.688057454330049501e+00, 2.350257432690735726e+00
3.485685011586693971e+00, 5.147289548132877930e-14, 1.147392563987466443e-07, 9.150281855870014978e-08, 1.878715639780893584e-07, 1.010663051120044953e+00, 1.735221710256656724e+00, 2.458373275369959199e+00
3.659969262166028692e+00, 5.271014143743149095e-14, 1.172005271083969733e-07, 8.903969548024773673e-08, 1.937383862754089592e-07, 1.011199178292370382e+00, 1.783703733556290860e+00, 2.571462630854907783e+00
3.834253512745363413e+00, 5.417905500202196623e-14, 1.193681515115541192e-07, 8.973957897969406892e-08, 1.979871421499326372e-07, 1.011735589864471319e+00, 1.833540342595218142e+00, 2.689754289200912751e+00
4.008537763324698133e+00, 5.596864187510440366e-14, 1.239133269010269009e-07, 8.817881542647713395e-08, 2.009003122653633249e-07, 1.012272285987213749e+00, 1.884769384443347073e+00, 2.813487565195312623e+00
4.182822013904032410e+00, 5.807268120427825990e-14, 1.272062438900940003e-07, 9.044867016189128847e-08, 2.029315437902548632e-07, 1.012809266811543152e+00, 1.937429763616163703e+00, 2.942912782513042114e+00
4.357106264483367575e+00, 6.037325828450647789e-14, 1.332129282137490753e-07, 8.871643338530415138e-08, 2.046934370982105476e-07, 1.013346532488485385e+00, 1.991561471619718970e+00, 3.078291780144202239e+00
4.531390515062701851e+00, 6.274599915759188389e-14, 1.362464298767014763e-07, 9.093830417683900682e-08, 2.075483275440800679e-07, 1.013884083169146910e+00, 2.047205617321099957e+00, 3.219898442118159565e+00
4.705674765642037016e+00, 6.506421795090420064e-14, 1.401491995032032426e-07, 8.998691230848428621e-08, 2.116187996694671502e-07, 1.014421919004713235e+00, 2.104404458167450365e+00, 3.368019251595855579e+00
4.879959016221371293e+00, 6.729793115566953343e-14, 1.405307302541821495e-07, 9.101460591656342802e-08, 2.167821246668685514e-07, 1.014960040146451137e+00, 2.163201432277253033e+00, 3.522953870451307701e+00
5.054243266800706458e+00, 6.950438989647163555e-14, 1.423535485374010131e-07, 9.112144589132267090e-08, 2.209228367413649118e-07, 1.015498446745706884e+00, 2.223641191428234798e+00, 3.685015745514844898e+00
5.228527517380040734e+00, 7.180555442064253769e-14, 1.451928138112544130e-07, 9.024248189243450167e-08, 2.240035964340694079e-07, 1.016037138953907570e+00, 2.285769634966959618e+00, 3.854532742704560810e+00
5.402811767959375899e+00, 7.431269266377197205e-14, 1.499159377515384663e-07, 9.049302825830481227e-08, 2.263488310131186410e-07, 1.016576116922560225e+00, 2.349633944665846741e+00, 4.031847810328899051e+00
5.577096018538710176e+00, 7.696413368150881468e-14, 1.557552677405721255e-07, 8.793264486986755558e-08, 2.298327208233988296e-07, 1.017115380803252478e+00, 2.415282620554100035e+00, 4.217319672902283045e+00
5.751380269118044453e+00, 7.955092401215232985e-14, 1.581612914619903572e-07, 8.832567718981183735e-08, 2.345946189618623266e-07, 1.017654930747652342e+00, 2.482765517749747186e+00, 4.411323556877445817e+00
5.925664519697379617e+00, 8.177477595022535060e-14, 1.614405078897835285e-07, 8.580781650140437323e-08, 2.394949752562493605e-07, 1.018194766907507987e+00, 2.552133884320764157e+00, 4.614251949762682159e+00
6.099948770276713894e+00, 8.358371243218462511e-14, 1.621074769087921740e-07, 8.715115255516910342e-08, 2.433002264811048018e-07, 1.018734889434648849e+00, 2.623440400204041900e+00, 4.826515394159791583e+00
6.274233020856049059e+00, 8.521196948550423216e-14, 1.663837215458944008e-07, 8.552245622067863480e-08, 2.455512663760048190e-07, 1.019275298480983860e+00, 2.696739217211743256e+00, 5.048543318329108409e+00
6.448517271435383336e+00, 8.714687162582317371e-14, 1.684490677918204082e-07, 8.713664238468909845e-08, 2.479883157618897923e-07, 1.019815994198503439e+00, 2.772086000155438601e+00, 5.280784904961944193e+00
6.622801522014718500e+00, 8.964888924104991049e-14, 1.717489311417240169e-07, 8.707790166348089979e-08, 2.509900806184778074e-07, 1.020356976739277943e+00, 2.849537969119246839e+00, 5.523709999918048119e+00
6.797085772594052777e+00, 9.260042339201069190e-14, 1.723213220839218821e-07, 8.836229929117811728e-08, 2.548656185936860194e-07, 1.020898246255458997e+00, 2.929153942914086706e+00, 5.777810062766515209e+00
6.971370023173387942e+00, 9.559093056972839292e-14, 1.739340296475693410e-07, 8.936011340294871413e-08, 2.576481215300969825e-07, 1.021439802899278382e+00, 3.010994383746036451e+00, 6.043599161053220037e+00
7.145654273752722219e+00, 9.833181286428463900e-14, 1.774791559272640970e-07, 8.904343712036431718e-08, 2.592370786537456657e-07, 1.021981646823049150e+00, 3.095121443132730299e+00, 6.321615010306231852e+00
7.319938524332057384e+00, 1.008914417505975910e-13, 1.817454051147338459e-07, 9.148480362890634785e-08, 2.601014343882790761e-07, 1.022523778179164955e+00, 3.181599009102650921e+00, 6.612420061883244493e+00
7.494222774911391660e+00, 1.034216844846732269e-13, 1.881159742140864923e-07, 8.958127386574066012e-08, 2.621596334711518117e-07, 1.023066197120100052e+00, 3.270492754713171024e+00, 6.916602640861851725e+00
7.668507025490726825e+00, 1.058896864891735532e-13, 1.901738390449079310e-07, 9.273639987622257167e-08, 2.663530334822153706e-07, 1.023608903798409742e+00, 3.361870187924190123e+00, 7.234778136274707450e+00
7.842791276070061102e+00, 1.078013338125652653e-13, 1.929494508160636830e-07, 9.110595195881420739e-08, 2.719116199353190863e-07, 1.024151898366730373e+00, 3.455800702865233109e+00, 7.567590246097525508e+00
8.017075526649396267e+00, 1.086916048528159448e-13, 1.923222680189999144e-07, 9.325207297245157054e-08, 2.775086285437092321e-07, 1.024695180977779341e+00, 3.552355632534953678e+00, 7.915712279508647420e+00
8.191359777228731431e+00, 1.084082948150656969e-13, 1.954434067022318995e-07, 9.229649002605903358e-08, 2.813867833763729332e-07, 1.025238751784354641e+00, 3.651608302973056386e+00, 8.279848519054779032e+00
8.365644027808064820e+00, 1.075084582026923325e-13, 1.981357564210185832e-07, 9.310265047817774398e-08, 2.841515705440003897e-07, 1.025782610939335537e+00, 3.753634088945784431e+00, 8.660735645478657929e+00
8.539928278387399985e+00, 1.067691247086869541e-13, 2.031251836814761121e-07, 9.399545707371284937e-08, 2.859814434131557426e-07, 1.026326758595682564e+00, 3.858510471187251323e+00, 9.059144228091200901e+00
8.714212528966735150e+00, 1.067010017514015914e-13, 2.066116493391525692e-07, 9.418494847062707232e-08, 2.886911368315490438e-07, 1.026871194906437301e+00, 3.966317095240100787e+00, 9.475880283703361329e+00
8.888496779546068538e+00, 1.071618825737614163e-13, 2.086164906194213746e-07, 9.631458101458995852e-08, 2.923640446515278011e-07, 1.027415920024722151e+00, 4.077135831940164934e+00, 9.911786907271453728e+00
9.062781030125403703e+00, 1.075993710015536741e-13, 2.104518868973797328e-07, 9.583000002782474627e-08, 2.974783596013334292e-07, 1.027960934103741453e+00, 4.191050839591065724e+00, 1.036774597755495009e+01
9.237065280704738868e+00, 1.077670800125966570e-13, 2.096810896828253288e-07, 9.733483105781288398e-08, 3.030896040954403264e-07, 1.028506237296780146e+00, 4.308148627875969972e+00, 1.084467994123746237e+01
9.411349531284074033e+00, 1.079286457650382509e-13, 2.120944506478980799e-07, 9.633993770200117101e-08, 3.081204730121425920e-07, 1.029051829757205105e+00, 4.428518123555041264e+00, 1.134355367912030843e+01
9.585633781863407421e+00, 1.087478268367798418e-13, 2.138249215795668112e-07, 9.785562548652364390e-08, 3.120479295089117909e-07, 1.029597711638463808e+00, 4.552250737998465802e+00, 1.186537645816413544e+01
9.759918032442742586e+00, 1.104287770513248196e-13, 2.204194175879390556e-07, 9.628439729912666904e-08, 3.148517477029821051e-07, 1.030143883094085666e+00, 4.679440436606358666e+00, 1.241120397332784897e+01
9.934202283022077751e+00, 1.127420215467085046e-13, 2.255147795563992245e-07, 9.781973791391025889e-08, 3.181646305574334927e-07, 1.030690344277681358e+00, 4.810183810168254581e+00, 1.298214048333553627e+01
1.010848653360141292e+01, 1.150855508100219647e-13, 2.327567125969577045e-07, 9.648610697506737235e-08, 3.222007642570976128e-07, 1.031237095342943277e+00, 4.944580148216379811e+00, 1.357934104469232750e+01
1.028277078418074630e+01, 1.172689975203273638e-13, 2.375173339790320592e-07, 9.665734254495737370e-08, 3.277174948280963487e-07, 1.031784136443645084e+00, 5.082731514428410868e+00, 1.420401384846882387e+01
1.045705503476008147e+01, 1.194256144262157376e-13, 2.422947465013035774e-07, 9.748218883303458236e-08, 3.337808949179750557e-07, 1.032331467733641928e+00, 5.224742824136987096e+00, 1.485742266458154504e+01
1.063133928533941663e+01, 1.216702906091989436e-13, 2.463151781771930221e-07, 9.596410259346762353e-08, 3.408110277119443334e-07, 1.032879089366871117e+00, 5.370721924004828729e+00, 1.554088939851442852e+01
1.080562353591875180e+01, 1.237289272801783685e-13, 2.481641549544293141e-07, 9.805265102412892716e-08, 3.479850718666719306e-07, 1.033427001497350783e+00, 5.520779673925986231e+00, 1.625579676565393683e+01
1.097990778649808519e+01, 1.251427436728716213e-13, 2.514413572269538815e-07, 9.681401432316099643e-08, 3.547233405451664805e-07, 1.033975204279181437e+00, 5.675030031215393400e+00, 1.700359108864806146e+01
1.115419203707742035e+01, 1.262236094561623062e-13, 2.529031735378244868e-07, 9.885705349486288273e-08, 3.600044202631464952e-07, 1.034523697866545300e+00, 5.833590137150681088e+00, 1.778578522344862023e+01
1.132847628765675552e+01, 1.278006707124104524e-13, 2.588922239858354171e-07, 9.827605096985628024e-08, 3.632541071507196091e-07, 1.035072482413705863e+00, 5.996580405931966062e+00, 1.860396161995652164e+01
1.150276053823608891e+01, 1.307250085825121887e-13, 2.637766446922488456e-07, 9.950054179701053114e-08, 3.655864191858390948e-07, 1.035621558075008997e+00, 6.164124616127169887e+00, 1.945977552346188233e+01
1.167704478881542407e+01, 1.346616179188305828e-13, 2.720024716045159967e-07, 9.917521815815745888e-08, 3.684781519055223103e-07, 1.036170925004882060e+00, 6.336350004672314462e+00, 2.035495832335580957e+01
1.185132903939475923e+01, 1.386542955508455004e-13, 2.761942183475806463e-07, 1.000461341957539242e-07, 3.746321918567349889e-07, 1.036720583357834791e+00, 6.513387363498191363e+00, 2.129132105588871937e+01
1.202561328997409440e+01, 1.416150967988591235e-13, 2.784487604704924018e-07, 1.008997796966248462e-07, 3.834838016974363548e-07, 1.037270533288458196e+00, 6.695371138856762272e+00, 2.227075806806142566e+01
1.219989754055342779e+01, 1.432361104953320073e-13, 2.780987150508295268e-07, 1.023423881955836749e-07, 3.929030016149638776e-07, 1.037820774951426106e+00, 6.882439533422743949e+00, 2.329525085006144991e+01
1.237418179113276295e+01, 1.437559281346388528e-13, 2.793952723447980776e-07, 1.039285952916278490e-07, 3.995598848394159656e-07, 1.038371308501493839e+00, 7.074734611247910365e+00, 2.436687204399799356e+01
1.254846604171209812e+01, 1.436117395687250183e-13, 2.853392764211959808e-07, 1.036267771869466074e-07, 4.044566153742850257e-07, 1.038922134093498650e+00, 7.272402405647805601e+00, 2.548778963704548417e+01
1.272275029229143328e+01, 1.434175384798998186e-13, 2.904483892060181488e-07, 1.057233629597600121e-07, 4.099427213448121845e-07, 1.039473251882360838e+00, 7.475593030102809955e+00, 2.666027134747884020e+01
1.289703454287076667e+01, 1.434208863861621435e-13, 2.968908191102140345e-07, 1.055739454005771822e-07, 4.160626576722692826e-07, 1.040024662023081747e+00, 7.684460792257778117e+00, 2.788668921247393229e+01
1.307131879345010184e+01, 1.438900692919719989e-13, 3.016697413588125144e-07, 1.090089240371134327e-07, 4.202634288947046763e-07, 1.040576364670745768e+00, 7.899164311106824599e+00, 2.916952438695457772e+01
1.324560304402943700e+01, 1.445674029456704585e-13, 3.131898799827535643e-07, 1.084823803657646360e-07, 4.222190348903278928e-07, 1.041128359980519447e+00, 8.119866637452242131e+00, 3.051137216319463974e+01
1.341988729460877217e+01, 1.453253622709515947e-13, 3.231817582540535935e-07, 1.099493509343421122e-07, 4.276776689750516936e-07, 1.041680648107651042e+00, 8.346735377729039840e+00, 3.191494722133051809e+01
1.359417154518810555e+01, 1.456541255000758648e-13, 3.299414629952393191e-07, 1.108434473709945303e-07, 4.401289401895745273e-07, 1.042233229207471634e+00, 8.579942821289138877e+00, 3.338308912140600171e+01
1.376845579576744072e+01, 1.455898906959151886e-13, 3.286250798817962265e-07, 1.119868863054429318e-07, 4.562403708429734161e-07, 1.042786103435394907e+00, 8.819666071241872629e+00, 3.491876804806056356e+01
1.394274004634677588e+01, 1.455924329116316232e-13, 3.292993082006995286e-07, 1.153774279138538166e-07, 4.671929201739499626e-07, 1.043339270946916697e+00, 9.066087178950175129e+00, 3.652509081948318936e+01
1.411702429692610927e+01, 1.465034946232426215e-13, 3.388988934962873026e-07, 1.146275575993519573e-07, 4.709382795731880534e-07, 1.043892731897615445e+00, 9.319393282284579527e+00, 3.820530717278819566e+01
1.429130854750544444e+01, 1.492763021204478702e-13, 3.538049989140131132e-07, 1.172696597841811151e-07, 4.726406380940718106e-07, 1.044446486443151745e+00, 9.579776747740035958e+00, 3.996281633852905912e+01
1.446559279808477960e+01, 1.543821805256099743e-13, 3.693099787976527686e-07, 1.165946615616340041e-07, 4.791423845171625370e-07, 1.045000534739269238e+00, 9.847435316523464266e+00, 4.180117391765116963e+01
1.463987704866411477e+01, 1.619225776111171793e-13, 3.761051172381801254e-07, 1.188281915146516750e-07, 4.915560687620939322e-07, 1.045554876941794165e+00, 1.012257225472297151e+01, 4.372409907479601543e+01
1.481416129924344816e+01, 1.704081327954271673e-13, 3.809055176561744853e-07, 1.201190729300717047e-07, 5.063779886066666153e-07, 1.046109513206634922e+00, 1.040539650767282609e+01, 4.573548206250953285e+01
1.498844554982278332e+01, 1.780751990214074098e-13, 3.828374917513422156e-07, 1.222855884354976504e-07, 5.202006023407485163e-07, 1.046664443689783397e+00, 1.069612285863134638e+01, 4.783939209157713890e+01
1.516272980040211849e+01, 1.833073919256717266e-13, 3.905716016936573763e-07, 1.238240692005216794e-07, 5.303788405651609654e-07, 1.047219668547313409e+00, 1.099497209189227043e+01, 5.004008556340723857e+01
1.533701405098145365e+01, 1.866465096033357731e-13, 4.014228226130887174e-07, 1.248516377511823734e-07, 5.373674653468537082e-07, 1.047775187935382046e+00, 1.130217116045342962e+01, 5.234201468111853472e+01
1.551129830156078704e+01, 1.891823661312435823e-13, 4.177298151335482831e-07, 1.259065039395411617e-07, 5.430742049760279738e-07, 1.048331002010229218e+00, 1.161795335837008913e+01, 5.474983645675212074e+01
1.568558255214012220e+01, 1.917288277403139733e-13, 4.335795917066446418e-07, 1.266244029413730271e-07, 5.520890714442806732e-07, 1.048887110928177657e+00, 1.194255849792383906e+01, 5.726842213283040195e+01
1.585986680271945737e+01, 1.941969828334969737e-13, 4.451247287077357352e-07, 1.289897023953796769e-07, 5.656008164987173600e-07, 1.049443514845633141e+00, 1.227623309174156319e+01, 5.990286703732405016e+01
1.603415105329879253e+01, 1.961914286448514470e-13, 4.543714047804360629e-07, 1.307505377386772553e-07, 5.816062489617492396e-07, 1.050000213919083825e+00, 1.261923054000281041e+01, 6.265850089196398898e+01
1.620843530387812592e+01, 1.980139609918054330e-13, 4.624154417617468543e-07, 1.346089759374170536e-07, 5.963916298744768563e-07, 1.050557208305101797e+00, 1.297181132287774119e+01, 6.554089859475341484e+01
1.638271955445746286e+01, 1.996514044791578621e-13, 4.765552012160128131e-07, 1.358568829283994804e-07, 6.092812910334102997e-07, 1.051114498160341304e+00, 1.333424319834176508e+01, 6.855589149849363650e+01
1.655700380503679625e+01, 2.017141653588718159e-13, 4.907934782895022887e-07, 1.403510129925791491e-07, 6.222508404763722094e-07, 1.051672083641540523e+00, 1.370680140551712967e+01, 7.170957920814143449e+01
1.673128805561612964e+01, 2.038820947913997749e-13, 5.084198656972854987e-07, 1.426476543926716201e-07, 6.354330786865024307e-07, 1.052229964905520010e+00, 1.408976887369584752e+01, 7.500834192086460916e+01
1.690557230619546658e+01, 2.067469714357308666e-13, 5.258416127565597435e-07, 1.472595380897301190e-07, 6.475768961674652916e-07, 1.052788142109184255e+00, 1.448343643720272667e+01, 7.845885333376169513e+01
1.707985655677479997e+01, 2.101587935998024190e-13, 5.493387896878792371e-07, 1.499520273656001561e-07, 6.575449359208236041e-07, 1.053346615409520348e+00, 1.488810305626166475e+01, 8.206809414535810276e+01
1.725414080735413336e+01, 2.145688374668677399e-13, 5.745322412877564944e-07, 1.523411913959061695e-07, 6.691352516669427841e-07, 1.053905384963599090e+00, 1.530407604403293043e+01, 8.584336617819450055e+01
1.742842505793347030e+01, 2.198538764558668906e-13, 5.985140761649899408e-07, 1.561790889637609034e-07, 6.854733904388755881e-07, 1.054464450928574104e+00, 1.573167129999387015e+01, 8.979230715107807725e+01
1.760270930851280369e+01, 2.261106205415208737e-13, 6.185495294143636229e-07, 1.587143862974559465e-07, 7.069622445020916036e-07, 1.055023813461682947e+00, 1.617121354984025317e+01, 9.392290613088272266e+01
1.777699355909213708e+01, 2.337169169797799488e-13, 6.352396014338369855e-07, 1.631142816264025706e-07, 7.299811295861102134e-07, 1.055583472720246441e+00, 1.662303659209042550e+01, 9.824351969515781491e+01
1.795127780967147402e+01, 2.418847184791112468e-13, 6.559388773106398426e-07, 1.662341325690546876e-07, 7.522509584566717358e-07, 1.056143428861668454e+00, 1.708748355157964838e+01, 1.027628888382454306e+02
1.812556206025080741e+01, 2.500706790376866738e-13, 6.778621198811206436e-07, 1.712879505587497791e-07, 7.732780241558282065e-07, 1.056703682043436787e+00, 1.756490714003697562e+01, 1.074901566551068441e+02
1.829984631083014435e+01, 2.568668664723803016e-13, 7.063322148261387457e-07, 1.753037041542031199e-07, 7.923884735080228694e-07, 1.057264232423122507e+00, 1.805566992394268411e+01, 1.124348868386355491e+02
1.847413056140947774e+01, 2.632936636514889550e-13, 7.373203287802383240e-07, 1.818191114262920690e-07, 8.100060076758084724e-07, 1.057825080158380837e+00, 1.856014459986960574e+01, 1.176070830278781756e+02
1.864841481198881112e+01, 2.692325781805959669e-13, 7.750149026476672759e-07, 1.867044959488899010e-07, 8.274190308458527214e-07, 1.058386225406949821e+00, 1.907871427751751625e+01, 1.230172090463064762e+02
1.882269906256814807e+01, 2.752452102980123185e-13, 8.127802418220899216e-07, 1.934104931179850434e-07, 8.477994266440477388e-07, 1.058947668326651659e+00, 1.961177277065546321e+01, 1.286762100710838865e+02
1.899698331314748145e+01, 2.802847436761296060e-13, 8.520236002803539410e-07, 1.994640587209996763e-07, 8.716683153910630398e-07, 1.059509409075392261e+00, 2.015972489619301555e+01, 1.345955347761552616e+02
1.917126756372681484e+01, 2.846219014099424193e-13, 8.912002008291013893e-07, 2.047794176630932452e-07, 8.999084419649490115e-07, 1.060071447811161027e+00, 2.072298678160757390e+01, 1.407871584939557010e+02
1.934555181430615178e+01, 2.891704157046945973e-13, 9.300985190589736349e-07, 2.117126964248883960e-07, 9.321246313782628139e-07, 1.060633784692031512e+00, 2.130198618096115837e+01, 1.472636074425974471e+02
1.951983606488548517e+01, 2.945850377382906435e-13, 9.708769527216438313e-07, 2.156433234415657675e-07, 9.671475783930605870e-07, 1.061196419876160979e+00, 2.189716279974670954e+01, 1.540379840675489902e+02
1.969412031546481856e+01, 3.019399765461776832e-13, 1.013184893319984098e-06, 2.230173866092516233e-07, 1.001242377125294732e-06, 1.061759353521790628e+00, 2.250896862881057814e+01, 1.611239935490743846e+02
1.986840456604415550e+01, 3.102321994579675778e-13, 1.065124453798490605e-06, 2.271659561535670303e-07, 1.032391687699921615e-06, 1.062322585787245366e+00, 2.313786828760478897e+01, 1.685359715290594238e+02
2.004268881662348889e+01, 3.201448831724375951e-13, 1.121616498077196792e-06, 2.345715500009325302e-07, 1.063457773230896618e-06, 1.062886116830934258e+00, 2.378433937702978085e+01, 1.762889131133201204e+02
2.021697306720282583e+01, 3.299293511584487947e-13, 1.182945790159346395e-06, 2.413793040730280288e-07, 1.098115435305203229e-06, 1.063449946811350744e+00, 2.444887284213551482e+01, 1.843985032080657049e+02
2.039125731778215922e+01, 3.403538803926326241e-13, 1.241623541354155967e-06, 2.502110036088288072e-07, 1.136942867366294143e-06, 1.064014075887071531e+00, 2.513197334495649571e+01, 1.928811482518909202e+02
2.056554156836149261e+01, 3.498450887877910781e-13, 1.304786147039331365e-06, 2.595696266302269838e-07, 1.175954805640616634e-06, 1.064578504216758370e+00, 2.583415964776372320e+01, 2.017540094074941237e+02
2.073982581894082955e+01, 3.588335424371400916e-13, 1.373783964146874391e-06, 2.687626259081907101e-07, 1.214908745497170294e-06, 1.065143231959156500e+00, 2.655596500702476348e+01, 2.110350372802709273e+02
2.091411006952016294e+01, 3.670893858557280698e-13, 1.449093944380729532e-06, 2.786514833381009334e-07, 1.256322913505073406e-06, 1.065708259273095537e+00, 2.729793757837093793e+01, 2.207430082340213460e+02
2.108839432009949633e+01, 3.761608809378091812e-13, 1.527704768057310818e-06, 2.889554294732591751e-07, 1.302411202738490327e-06, 1.066273586317489697e+00, 2.806064083287942168e+01, 2.308975623772433039e+02
2.126267857067883327e+01, 3.890490239042465409e-13, 1.608794584405107272e-06, 3.012566366619603895e-07, 1.350549116680150836e-06, 1.066839213251336904e+00, 2.884465398498613098e+01, 2.415192432968581500e+02
2.143696282125816666e+01, 4.055712099386650718e-13, 1.699291265656554244e-06, 3.120202975118716743e-07, 1.399546871510432418e-06, 1.067405140233719907e+00, 2.965057243235452589e+01, 2.526295396197563718e+02
2.161124707183750360e+01, 4.260114587308954027e-13, 1.794077193071331679e-06, 3.260336515116378881e-07, 1.453144918820047748e-06, 1.067971367423805606e+00, 3.047900820803432254e+01, 2.642509284862449590e+02
2.178553132241683699e+01, 4.470062343380077781e-13, 1.893276004193109252e-06, 3.385644542637044307e-07, 1.514618372024056388e-06, 1.068537894980845282e+00, 3.133059044525349890e+01, 2.764069210233473655e+02
2.195981557299617037e+01, 4.708395489781923154e-13, 1.991941211010133936e-06, 3.557627056201314250e-07, 1.580755338660120891e-06, 1.069104723064175255e+00, 3.220596585519658817e+01, 2.891221099099517460e+02
2.213409982357550732e+01, 4.964212537715548767e-13, 2.102768804503005359e-06, 3.709064625656720621e-07, 1.642945364825907518e-06, 1.069671851833215337e+00, 3.310579921813204152e+01, 3.024222191300393092e+02
2.230838407415484070e+01, 5.257147304246169234e-13, 2.230032651850523781e-06, 3.876781304562379726e-07, 1.699156671776250874e-06, 1.070239281447471047e+00, 3.403077388826169880e+01, 3.163341560146432698e+02
2.248266832473417409e+01, 5.560788589151228571e-13, 2.374741651981877100e-06, 4.051162693355961833e-07, 1.755700095656291721e-06, 1.070807012066531616e+00, 3.498159231267574398e+01, 3.308860656778280145e+02
2.265695257531351103e+01, 5.862703309583046064e-13, 2.525561852239692655e-06, 4.235875591616131809e-07, 1.822285618346146824e-06, 1.071375043850071540e+00, 3.595897656480718751e+01, 3.461073879568153302e+02
2.283123682589284442e+01, 6.153110453157273151e-13, 2.675896823544593576e-06, 4.469202199219182646e-07, 1.899772834137685134e-06, 1.071943376957849470e+00, 3.696366889279109103e+01, 3.620289169714540662e+02
2.300552107647217781e+01, 6.420618988166903444e-13, 2.832522018689155770e-06, 4.693640839268918521e-07, 1.981963541771115529e-06, 1.072512011549709099e+00, 3.799643228314492660e+01, 3.786828634235262143e+02
2.317980532705151475e+01, 6.690892063261819770e-13, 3.001228647840856810e-06, 4.951256973812367930e-07, 2.063522574880578586e-06, 1.073080947785579387e+00, 3.905805104019812291e+01, 3.961029197619261026e+02
2.335408957763084814e+01, 6.940191869693074356e-13, 3.190042319029234751e-06, 5.193078581461019286e-07, 2.146427167266142282e-06, 1.073650185825473002e+00, 4.014933138171084437e+01, 4.143243283455518622e+02
2.352837382821018508e+01, 7.224694683392562033e-13, 3.390614794234626298e-06, 5.467738075354983166e-07, 2.236269440279704870e-06, 1.074219725829488548e+00, 4.127110205113435626e+01, 4.333839527418028297e+02
2.370265807878951847e+01, 7.555799611911388246e-13, 3.604738103529953176e-06, 5.743270808168161361e-07, 2.335113994908413229e-06, 1.074789567957809222e+00, 4.242421494697791928e+01, 4.533203523049302817e+02
2.387694232936885186e+01, 8.013441700104774263e-13, 3.828576796289729492e-06, 6.043976114143325207e-07, 2.442715146050400598e-06, 1.075359712370702825e+00, 4.360954576976011765e+01, 4.741738601851195654e+02
2.405122657994818880e+01, 8.575792268565361262e-13, 4.068928910996802947e-06, 6.353792810426262994e-07, 2.556498988286971517e-06, 1.075930159228522642e+00, 4.482799468703609591e+01, 4.959866649261231260e+02
2.422551083052752219e+01, 9.234716126792167010e-13, 4.326897094735958837e-06, 6.685339201300818644e-07, 2.674595307401847892e-06, 1.076500908691706782e+00, 4.608048701700543859e+01, 5.188028958165208451e+02
2.439979508110685558e+01, 9.932360910988601697e-13, 4.608030773837618495e-06, 7.036490243260212717e-07, 2.794963702320810516e-06, 1.077071960920778615e+00, 4.736797393122027700e+01, 5.426687121672887315e+02
2.457407933168619252e+01, 1.062631818603168501e-12, 4.913945094548738407e-06, 7.399651706076848127e-07, 2.920412791986776386e-06, 1.077643316076346558e+00, 4.869143317692680739e+01, 5.676323966962829672e+02
2.474836358226552591e+01, 1.132896716417049036e-12, 5.240188090673337857e-06, 7.809890908973404989e-07, 3.055327360889631857e-06, 1.078214974319104291e+00, 5.005186981958912185e+01, 5.937444532085710307e+02
2.492264783284486285e+01, 1.202210237121460987e-12, 5.587742573226692323e-06, 8.229948883808160432e-07, 3.201800148255295834e-06, 1.078786935809830538e+00, 5.145031700615909642e+01, 6.210577087702251902e+02
2.509693208342419624e+01, 1.278982911975458373e-12, 5.954256723679526815e-06, 8.699292914559187436e-07, 3.358148404821941203e-06, 1.079359200709389732e+00, 5.288783674967199033e+01, 6.496274205822832073e+02
2.527121633400352962e+01, 1.360405691861433161e-12, 6.349348568941948417e-06, 9.177957547487414203e-07, 3.522655748657814840e-06, 1.079931769178731349e+00, 5.436552073576364563e+01, 6.795113877710919041e+02
2.544550058458286657e+01, 1.454437160528411363e-12, 6.770978079866877922e-06, 9.714582505038911087e-07, 3.696537988527425651e-06, 1.080504641378889907e+00, 5.588449115172171133e+01, 7.107700683212012791e+02
2.561978483516219995e+01, 1.555700314821244195e-12, 7.224843137283002964e-06, 1.026197288407285760e-06, 3.880161075135921756e-06, 1.081077817470986080e+00, 5.744590153870056781e+01, 7.434667013873661290e+02
2.579406908574153334e+01, 1.670264874923990443e-12, 7.710053958375140881e-06, 1.085729294800053114e-06, 4.073801607770906148e-06, 1.081651297616225582e+00, 5.905093766774704278e+01, 7.776674352331100408e+02
2.596835333632087028e+01, 1.793256210755531229e-12, 8.232569299210055149e-06, 1.147741577351742272e-06, 4.278113062005713993e-06, 1.082225081975899617e+00, 6.070081844030232077e+01, 8.134414610546812128e+02
2.614263758690020367e+01, 1.925444268810103641e-12, 8.791612392916781752e-06, 1.214086133595637952e-06, 4.497156160545119181e-06, 1.082799170711385095e+00, 6.239679681386375876e+01, 8.508611529611378046e+02
2.631692183747953706e+01, 2.070498893240630095e-12, 9.386539408481505678e-06, 1.286051285128396914e-06, 4.731579687066179793e-06, 1.083373563984144416e+00, 6.414016075350973267e+01, 8.900022143937530927e+02
2.649120608805887400e+01, 2.227178369010703534e-12, 1.002442524841257811e-05, 1.363120383803693930e-06, 4.977458681227740613e-06, 1.083948261955725911e+00, 6.593223421000998030e+01, 9.309438312809687659e+02
2.666549033863820739e+01, 2.404963719114280779e-12, 1.071162905749997466e-05, 1.447194583075660827e-06, 5.231405200813208191e-06, 1.084523264787763175e+00, 6.777437812526437710e+01, 9.737688322387300559e+02
2.683977458921754433e+01, 2.596129628737603432e-12, 1.145592648344636467e-05, 1.535433685019484569e-06, 5.499286512093769305e-06, 1.085098572641975734e+00, 6.966799146583355196e+01, 1.018563856140312510e+03
2.701405883979687772e+01, 2.815093539678902277e-12, 1.224687108943064686e-05, 1.631727331405363625e-06, 5.791831385960082197e-06, 1.085674185680169046e+00, 7.161451228534637892e+01, 1.065419527394645002e+03
2.718834309037621111e+01, 3.051376032549888282e-12, 1.308627220390076833e-05, 1.734370245647417802e-06, 6.110183853182653488e-06, 1.086250104064234279e+00, 7.361541881659104547e+01, 1.114430639287735858e+03
2.736262734095554805e+01, 3.319167953188011344e-12, 1.398149830760989569e-05, 1.843184558647445391e-06, 6.445422627157980295e-06, 1.086826327956148308e+00, 7.567223059411909958e+01, 1.165696345758110283e+03
2.753691159153488144e+01, 3.607462705547438717e-12, 1.495277276287996505e-05, 1.957747959288410826e-06, 6.791032449803620119e-06, 1.087402857517974386e+00, 7.778650960821505578e+01, 1.219320361994255563e+03
2.771119584211421483e+01, 3.922777679217723103e-12, 1.600314422390894782e-05, 2.079732737152629650e-06, 7.154458635640180560e-06, 1.087979692911861251e+00, 7.995986149110780161e+01, 1.275411174259879772e+03
2.788548009269355177e+01, 4.267728334774758436e-12, 1.712835139215561695e-05, 2.211257450156871273e-06, 7.545728987582584003e-06, 1.088556834300043796e+00, 8.219393673632474417e+01, 1.334082259371494956e+03
2.805976434327288516e+01, 4.646420446749574965e-12, 1.832737330443978861e-05, 2.351940706295024059e-06, 7.968417127360180214e-06, 1.089134281844843288e+00, 8.449043195211460500e+01, 1.395452314272340573e+03
2.823404859385221854e+01, 5.073013100278852946e-12, 1.960661927294395814e-05, 2.503466958705579332e-06, 8.419976338494472627e-06, 1.089712035708666704e+00, 8.685109114989093371e+01, 1.459645496167101101e+03
2.840833284443155549e+01, 5.535306238767832425e-12, 2.097965812033941434e-05, 2.665040093651490270e-06, 8.899721095511483885e-06, 1.090290096054007396e+00, 8.927770706867450201e+01, 1.526791673703221477e+03
2.858261709501088887e+01, 6.048844992549208559e-12, 2.245031003728954964e-05, 2.839998059637188760e-06, 9.407957318427253513e-06, 1.090868463043444869e+00, 9.177212253654064966e+01, 1.597026689707005062e+03
2.875690134559022582e+01, 6.595428001424288648e-12, 2.403290262025367587e-05, 3.025513405015212614e-06, 9.942724316440802103e-06, 1.091447136839644561e+00, 9.433623187010556421e+01, 1.670492636006005114e+03
2.893118559616955920e+01, 7.208672954701027269e-12, 2.573553002625166174e-05, 3.226499268588867719e-06, 1.050386385605743444e-05, 1.092026117605358726e+00, 9.697198231311358541e+01, 1.747338140893720720e+03
2.910546984674889259e+01, 7.879190652233239873e-12, 2.757079858830773121e-05, 3.438005924061405915e-06, 1.109757510270776120e-05, 1.092605405503425775e+00, 9.968137551521954265e+01, 1.827718669818158105e+03
2.927975409732822953e+01, 8.636946794206162476e-12, 2.953621800407653185e-05, 3.665766022720590308e-06, 1.173661593843142056e-05, 1.093185000696770270e+00, 1.024664690520873052e+02, 1.911796839902577403e+03
2.945403834790756292e+01, 9.483326128914909248e-12, 3.163426211551504557e-05, 3.909252801737400823e-06, 1.242800208923750519e-05, 1.093764903348403372e+00, 1.053293779879602425e+02, 1.999742748934722840e+03
2.962832259848689631e+01, 1.043072578892453822e-11, 3.387487412442131209e-05, 4.169085571471449108e-06, 1.316873049869874554e-05, 1.094345113621422838e+00, 1.082722764818898327e+02, 2.091734319490131384e+03
2.980260684906623325e+01, 1.149044995684804103e-11, 3.627969506013819129e-05, 4.448186560982202873e-06, 1.395116538722942168e-05, 1.094925631679012579e+00, 1.112973994388420920e+02, 2.187957658885686669e+03
2.997689109964556664e+01, 1.264469334847231315e-11, 3.887053123325306470e-05, 4.744052805122677301e-06, 1.477705716790477825e-05, 1.095506457684443546e+00, 1.144070442069360212e+02, 2.288607435691652881e+03
3.015117535022490358e+01, 1.392256670299161888e-11, 4.165327250088179982e-05, 5.063489719749866800e-06, 1.565686824533352333e-05, 1.096087591801073069e+00, 1.176035723221026359e+02, 2.393887273563906547e+03
3.032545960080423697e+01, 1.531307816209021861e-11, 4.463782133694004233e-05, 5.405744654357905472e-06, 1.659844372987122579e-05, 1.096669034192344849e+00, 1.208894113014899006e+02, 2.504010163193117478e+03
3.049974385138357036e+01, 1.687796625365868577e-11, 4.783578194045190100e-05, 5.773679932700602054e-06, 1.760126176553117991e-05, 1.097250785021789854e+00, 1.242670564869751502e+02, 2.619198893204289107e+03
3.067402810196290730e+01, 1.860075409420474176e-11, 5.127566489271168841e-05, 6.167548213046582693e-06, 1.866361970130926074e-05, 1.097832844453025203e+00, 1.277390729401852241e+02, 2.739686500878427978e+03
3.084831235254224069e+01, 2.054271929179576453e-11, 5.497418111644183030e-05, 6.589567785194233876e-06, 1.979340050412360774e-05, 1.098415212649755279e+00, 1.313080973904635016e+02, 2.865716743608156776e+03
3.102259660312157408e+01, 2.269036943989785933e-11, 5.894660721777683437e-05, 7.041979465175196935e-06, 2.100249840334601583e-05, 1.098997889775771286e+00, 1.349768402372628486e+02, 2.997544592041103897e+03
3.119688085370091102e+01, 2.508569174916654133e-11, 6.320512654042374431e-05, 7.528054924536889652e-06, 2.229753922267383646e-05, 1.099580875994951024e+00, 1.387480876084855197e+02, 3.135436745908705689e+03
3.137116510428024441e+01, 2.773721003280830420e-11, 6.777789469187660016e-05, 8.048449643656162197e-06, 2.367504208758490188e-05, 1.100164171471259333e+00, 1.426247034763329111e+02, 3.279672173584059237e+03
3.154544935485957780e+01, 3.065827031407659833e-11, 7.270002450431062746e-05, 8.602447080259369643e-06, 2.513361658231224051e-05, 1.100747776368748321e+00, 1.466096318322720435e+02, 3.430542676460282564e+03
3.171973360543891474e+01, 3.394206218509574595e-11, 7.799838651935281386e-05, 9.195235577859102590e-06, 2.668322109403226458e-05, 1.101331690851556466e+00, 1.507058989227706149e+02, 3.588353479291324220e+03
3.189401785601824812e+01, 3.758301718030484046e-11, 8.369244583857096101e-05, 9.826414610547494049e-06, 2.834307133643670302e-05, 1.101915915083909958e+00, 1.549166155474982531e+02, 3.753423847689372906e+03
3.206830210659758507e+01, 4.165022143955435337e-11, 8.979397126285994647e-05, 1.050442865413703694e-05, 3.012730320689103666e-05, 1.102500449230121804e+00, 1.592449794217396004e+02, 3.926087734028252271e+03
3.224258635717691845e+01, 4.603607107307704213e-11, 9.633699744035774631e-05, 1.122937306619009445e-05, 3.203579098976233749e-05, 1.103085293454592275e+00, 1.636942776048130384e+02, 4.106694453059481930e+03
3.241687060775625184e+01, 5.083836858670642965e-11, 1.033640046848505249e-04, 1.200472670097448546e-05, 3.406311113947002524e-05, 1.103670447921808906e+00, 1.682678889963391384e+02, 4.295609388607749679e+03
3.259115485833558523e+01, 5.607974364557093330e-11, 1.109250198637215610e-04, 1.283189092358043030e-05, 3.621451869823431657e-05, 1.104255912796346051e+00, 1.729692869022552202e+02, 4.493214732775692937e+03
3.276543910891492573e+01, 6.197149141301988274e-11, 1.190490482511625376e-04, 1.371663866039961590e-05, 3.851099736807506662e-05, 1.104841688242866216e+00, 1.778020416725236430e+02, 4.699910259153230982e+03
3.293972335949425911e+01, 6.860965295076345324e-11, 1.277639128425111647e-04, 1.466432898818703171e-05, 4.097122434015518130e-05, 1.105427774426118281e+00, 1.827698234125381305e+02, 4.916114131595979416e+03
3.311400761007359250e+01, 7.612365495842162548e-11, 1.371087605460450493e-04, 1.567834593660125879e-05, 4.360215119052689522e-05, 1.106014171510939281e+00, 1.878764047702863706e+02, 5.142263750208710007e+03
3.328829186065292589e+01, 8.462936627830587858e-11, 1.471393327185727064e-04, 1.676477979574017430e-05, 4.640613894757106896e-05, 1.106600879662253289e+00, 1.931256638013857412e+02, 5.378816636245592235e+03
3.346257611123225928e+01, 9.410302837707074106e-11, 1.579134517014816426e-04, 1.792501979693014946e-05, 4.939425203521593459e-05, 1.107187899045072088e+00, 1.985215869141683527e+02, 5.626251357717335850e+03
3.363686036181159267e+01, 1.046287270708764022e-10, 1.694788331778980181e-04, 1.917000462743153640e-05, 5.258300013061208866e-05, 1.107775229824494723e+00, 2.040682718970512610e+02, 5.885068497577760354e+03
3.381114461239093316e+01, 1.160216249197509871e-10, 1.818943321809911729e-04, 2.050165862013683814e-05, 5.598623158638614479e-05, 1.108362872165707946e+00, 2.097699310304916196e+02, 6.155791666448728392e+03
3.398542886297026655e+01, 1.284453878712890487e-10, 1.952210938046310346e-04, 2.193053975165208346e-05, 5.961758199486479905e-05, 1.108950826233986442e+00, 2.156308942858894682e+02, 6.438968561931992554e+03
3.415971311354959994e+01, 1.420800736677706290e-10, 2.095298074155313992e-04, 2.345955114198051722e-05, 6.349538639360424741e-05, 1.109539092194692156e+00, 2.216556126138679303e+02, 6.735172076651361749e+03
3.433399736412893333e+01, 1.575024038377851423e-10, 2.248848777083447355e-04, 2.510104231731643201e-05, 6.764069847226193114e-05, 1.110127670213274742e+00, 2.278486613244276100e+02, 7.045001457266522266e+03
3.450828161470826672e+01, 1.748237136421159220e-10, 2.413648441662908403e-04, 2.685917250515792247e-05, 7.206984499075614866e-05, 1.110716560455271784e+00, 2.342147435615426616e+02, 7.369083516803587372e+03
3.468256586528760721e+01, 1.941948924701033215e-10, 2.590564645112297410e-04, 2.874460004540833774e-05, 7.679771198697213635e-05, 1.111305763086309017e+00, 2.407586938748365810e+02, 7.708073902754915252e+03
3.485685011586694060e+01, 2.157916294608995981e-10, 2.780551055300616655e-04, 3.076414400843688806e-05, 8.184254190169062808e-05, 1.111895278272099219e+00, 2.474854818910508243e+02, 8.062658423513547859e+03
3.503113436644627399e+01, 2.399141411704129399e-10, 2.984565430893174986e-04, 3.292794204495657370e-05, 8.722913322734719211e-05, 1.112485106178443983e+00, 2.544002160880937708e+02, 8.433554435826095869e+03
3.520541861702560738e+01, 2.671221914452372887e-10, 3.203584417205120266e-04, 3.524913152681701959e-05, 9.298352822443299896e-05, 1.113075246971231946e+00, 2.615081476745369287e+02, 8.821512296070606681e+03
3.537970286760494076e+01, 2.974374296063082847e-10, 3.438744972914256843e-04, 3.773459457169796218e-05, 9.912667496527525319e-05, 1.113665700816440784e+00, 2.688146745775030126e+02, 9.227316878295827337e+03
3.555398711818427415e+01, 3.313853661484874043e-10, 3.691262633619718275e-04, 4.039894288398063145e-05, 1.056810243171245605e-04, 1.114256467880134993e+00, 2.763253455419772422e+02, 9.651789162092862171e+03
3.572827136876361465e+01, 3.691746245994818915e-10, 3.962454546920313528e-04, 4.325081215806639257e-05, 1.126791695807460891e-04, 1.114847548328468330e+00, 2.840458643446517044e+02, 1.009578789351146952e+04
3.590255561934294803e+01, 4.117508439791894759e-10, 4.253551456161407639e-04, 4.630862903097124990e-05, 1.201615181264482706e-04, 1.115438942327682037e+00, 2.919820941255050002e+02, 1.056021132238158862e+04
3.607683986992228142e+01, 4.592989903026307011e-10, 4.565945280706545863e-04, 4.958377764153801926e-05, 1.281624158255768495e-04, 1.116030650044105510e+00, 3.001400618404057354e+02, 1.104599901955432142e+04
3.625112412050161481e+01, 5.122537155239081477e-10, 4.901226257746591495e-04, 5.309109604809490312e-05, 1.367045540355430540e-04, 1.116622671644156517e+00, 3.085259628381219272e+02, 1.155413377773940920e+04
3.642540837108094820e+01, 5.707890193104328026e-10, 5.261224816529174895e-04, 5.684531838629894903e-05, 1.458146303117221381e-04, 1.117215007294341422e+00, 3.171461655652117315e+02, 1.208564359978415632e+04
3.659969262166028869e+01, 6.359056605377042400e-10, 5.647743586712840628e-04, 6.086255256948476462e-05, 1.555380395322216130e-04, 1.117807657161254520e+00, 3.260072164023683285e+02, 1.264160377841678201e+04
3.677397687223962208e+01, 7.092961087804682481e-10, 6.062548197552972530e-04, 6.516529971503352988e-05, 1.659289616324922240e-04, 1.118400621411578699e+00, 3.351158446358928131e+02, 1.322313907166150966e+04
3.694826112281895547e+01, 7.917132739860449608e-10, 6.507592699384692498e-04, 6.976927723632793182e-05, 1.770337019867663478e-04, 1.118993900212084780e+00, 3.444789675680688674e+02, 1.383142597832622960e+04
3.712254537339828886e+01, 8.840155209404131726e-10, 6.985107776357880709e-04, 7.469798653711420052e-05, 1.888901181411322555e-04, 1.119587493729632843e+00, 3.541036957703219059e+02, 1.446769511816681188e+04
3.729682962397762225e+01, 9.858643534634121385e-10, 7.497547140392450942e-04, 7.996674244275817837e-05, 2.015435562241971721e-04, 1.120181402131170678e+00, 3.639973384831507701e+02, 1.513323372154266690e+04
3.747111387455695564e+01, 1.098718005864528656e-09, 8.047337782200149814e-04, 8.560352551581847005e-05, 2.150555811839404037e-04, 1.120775625583735557e+00, 3.741674091669336235e+02, 1.582938823360095739e+04
3.764539812513629613e+01, 1.223527805008199486e-09, 8.637076661485444369e-04, 9.162970523136794562e-05, 2.294884917916255394e-04, 1.121370164254452240e+00, 3.846216312078230430e+02, 1.655756703825770819e+04
3.781968237571562952e+01, 1.363133334795165570e-09, 9.269573730449742061e-04, 9.807309697034823580e-05, 2.448989762895482946e-04, 1.121965018310535189e+00, 3.953679437830631969e+02, 1.731924330748641660e+04
3.799396662629496291e+01, 1.519397967844766231e-09, 9.947942726580419944e-04, 1.049562899783966171e-04, 2.613454624152331787e-04, 1.122560187919286800e+00, 4.064145078901844954e+02, 1.811595798167922476e+04
3.816825087687429630e+01, 1.694648820174766153e-09, 1.067541186395898258e-03, 1.123098035275524228e-04, 2.788964206156587791e-04, 1.123155673248098729e+00, 4.177697125446529753e+02, 1.894932288710928333e+04
3.834253512745362968e+01, 1.890982911042510156e-09, 1.145535132644750478e-03, 1.201622740903707400e-04, 2.976287431850302033e-04, 1.123751474464451228e+00, 4.294421811506822451e+02, 1.982102399680220333e+04
3.851681937803297018e+01, 2.109845146667315175e-09, 1.229135359438314739e-03, 1.285446675507070891e-04, 3.176189861724166576e-04, 1.124347591735913143e+00, 4.414407780500453100e+02, 2.073282484141266104e+04
3.869110362861230357e+01, 2.354079846064490701e-09, 1.318731046940085786e-03, 1.374881426172770195e-04, 3.389446293562554642e-04, 1.124944025230142808e+00, 4.537746152538601336e+02, 2.168657007700744362e+04
3.886538787919163696e+01, 2.626562908530840392e-09, 1.414741069200130394e-03, 1.470249822678948101e-04, 3.616867422399274042e-04, 1.125540775114886927e+00, 4.664530593624611470e+02, 2.268418921697263431e+04
3.903967212977097034e+01, 2.933031112982385570e-09, 1.517597672593071819e-03, 1.571909605077902248e-04, 3.859343078996215382e-04, 1.126137841557981467e+00, 4.794857386786111419e+02, 2.372770053559447479e+04
3.921395638035030373e+01, 3.277001666499800490e-09, 1.627758094808076086e-03, 1.680201532247649148e-04, 4.117842405528164356e-04, 1.126735224727351437e+00, 4.928825505194566290e+02, 2.481921515121218545e+04
3.938824063092963712e+01, 3.660781070716185649e-09, 1.745706221415229764e-03, 1.795506283652237322e-04, 4.393357912109299517e-04, 1.127332924791010882e+00, 5.066536687327787263e+02, 2.596094129720216733e+04
3.956252488150897761e+01, 4.082700911635001575e-09, 1.871960372323407985e-03, 1.918184733263199912e-04, 4.686968803809821995e-04, 1.127930941917062668e+00, 5.208095514232472851e+02, 2.715518878943513118e+04
3.973680913208831100e+01, 4.543672611498781508e-09, 2.007056629547974199e-03, 2.048661746961135321e-04, 4.999742154814172494e-04, 1.128529276273699367e+00, 5.353609488945473913e+02, 2.840437369924392988e+04
3.991109338266764439e+01, 5.049037625341536503e-09, 2.151557074830853008e-03, 2.187345936606351060e-04, 5.332915933152054247e-04, 1.129127928029202366e+00, 5.503189118134072260e+02, 2.971102324135532399e+04
4.008537763324697778e+01, 5.608134350739434420e-09, 2.306058728945887745e-03, 2.334635229413098000e-04, 5.687622006583569010e-04, 1.129726897351942538e+00, 5.656947996017293008e+02, 3.107778088667573320e+04
4.025966188382631117e+01, 6.233528285465507669e-09, 2.471198185100628806e-03, 2.490971010945129053e-04, 6.065041943892269432e-04, 1.130326184410380241e+00, 5.815002890631977834e+02, 3.250741171027294695e+04
4.043394613440565166e+01, 6.937440161532355261e-09, 2.647641565483562377e-03, 2.656753072866769997e-04, 6.466448072514617866e-04, 1.130925789373064649e+00, 5.977473832509116392e+02, 3.400280798537501687e+04
4.060823038498498505e+01, 7.735662905950163922e-09, 2.836073084941424707e-03, 2.832463899641966408e-04, 6.893320796265372087e-04, 1.131525712408634865e+00, 6.144484205827804999e+02, 3.556699503470173659e+04
4.078251463556431844e+01, 8.635428144849109163e-09, 3.037201975625530240e-03, 3.018548035590572936e-04, 7.347042926677128504e-04, 1.132125953685819031e+00, 6.316160842116037202e+02, 3.720313735096791788e+04
4.095679888614365183e+01, 9.640444041942515445e-09, 3.251772914368598194e-03, 3.215468274698480948e-04, 7.828988434374914776e-04, 1.132726513373435218e+00, 6.492634116569485059e+02, 3.891454499894029868e+04
4.113108313672298522e+01, 1.075203247836425533e-08, 3.480574070729517029e-03, 3.423642850069417163e-04, 8.340510826566304966e-04, 1.133327391640390536e+00, 6.674038047061434327e+02, 4.070468031199922552e+04
4.130536738730232571e+01, 1.197824174532556589e-08, 3.724421901482185670e-03, 3.643504732503105689e-04, 8.883097666275313088e-04, 1.133928588655682468e+00, 6.860510395919043276e+02, 4.257716489675464982e+04
4.147965163788165910e+01, 1.332668931710694479e-08, 3.984147626009904020e-03, 3.875486917339150315e-04, 9.458241482570489472e-04, 1.134530104588397315e+00, 7.052192774543237874e+02, 4.453578695988533582e+04
4.165393588846099249e+01, 1.480665166326629666e-08, 4.260601943065837373e-03, 4.119958356666515611e-04, 1.006737133424925575e-03, 1.135131939607711749e+00, 7.249230750951649043e+02, 4.658450897202580381e+04
4.182822013904032588e+01, 1.642559999219598687e-08, 4.554662866492855018e-03, 4.377317734838574357e-04, 1.071182463555275929e-03, 1.135734093882891482e+00, 7.451773960326361248e+02, 4.872747568420522293e+04
4.200250438961965926e+01, 1.820197606605365294e-08, 4.867226966771207898e-03, 4.647837981990284918e-04, 1.139278558684072825e-03, 1.136336567583292601e+00, 7.659976218650291457e+02, 5.096902251305523532e+04
4.217678864019899265e+01, 2.016564595648271589e-08, 5.199188126347644573e-03, 4.931824960213485563e-04, 1.211192751091041183e-03, 1.136939360878360894e+00, 7.873995639518599319e+02, 5.331368431175296428e+04
4.235107289077833315e+01, 2.234619365824829442e-08, 5.551438372707800072e-03, 5.229552905495635446e-04, 1.287081525411427722e-03, 1.137542473937632082e+00, 8.093994754213799752e+02, 5.576620454444085772e+04
4.252535714135766653e+01, 2.478356007021501865e-08, 5.924877233042763307e-03, 5.541239181957338623e-04, 1.367073142243333548e-03, 1.138145906930731366e+00, 8.320140635135763887e+02, 5.833154488268695422e+04
4.269964139193699992e+01, 2.749104304740828345e-08, 6.320407576416240368e-03, 5.867056860780282389e-04, 1.451284004357766269e-03, 1.138749660027374544e+00, 8.552605022680349975e+02, 6.101489524339725904e+04
4.287392564251633331e+01, 3.048128222526996478e-08, 6.738916170644002578e-03, 6.207170238707914248e-04, 1.539874063318453666e-03, 1.139353733397367119e+00, 8.791564455663021818e+02, 6.382168428849005431e+04
4.304820989309566670e+01, 3.377180972319624225e-08, 7.181262590739981994e-03, 6.561685564386648354e-04, 1.633026041266261337e-03, 1.139958127210604522e+00, 9.037200405386497550e+02, 6.675759040757328330e+04
4.322249414367500719e+01, 3.739312531576314216e-08, 7.648296093613479556e-03, 6.930652706857349816e-04, 1.730854665001907693e-03, 1.140562841637072999e+00, 9.289699413454235355e+02, 6.982855320584254514e+04
4.339677839425434058e+01, 4.136450062729714197e-08, 8.140860871883507863e-03, 7.314084468806170527e-04, 1.833469352609901678e-03, 1.141167876846848062e+00, 9.549253233434430967e+02, 7.304078552044372191e+04
4.357106264483367397e+01, 4.569231685890522369e-08, 8.659782770536750274e-03, 7.711836923993094835e-04, 1.940867630287616136e-03, 1.141773233010096034e+00, 9.816058976482098615e+02, 7.640078598960698582e+04
4.374534689541300736e+01, 5.039974896948721705e-08, 9.205833810941465092e-03, 8.123780134628885664e-04, 2.053132605521960311e-03, 1.142378910297073391e+00, 1.009031926102982652e+03, 7.991535219998352113e+04
4.391963114599234075e+01, 5.551532243004615256e-08, 9.779710913281452686e-03, 8.549650726232616363e-04, 2.170270693502269685e-03, 1.142984908878126760e+00, 1.037224236666088473e+03, 8.359159443878222373e+04
4.409391539657167414e+01, 6.111749898400296308e-08, 1.038203726620831949e-02, 8.989124281740540215e-04, 2.292177971480738145e-03, 1.143591228923693359e+00, 1.066204239228154393e+03, 8.743695007852667186e+04
4.426819964715101463e+01, 6.727529761612007010e-08, 1.101336954762779062e-02, 9.441729928495039585e-04, 2.418873280661442207e-03, 1.144197870604300338e+00, 1.095993941871272000e+03, 9.145919862353752251e+04
4.444248389773034802e+01, 7.402098987465742932e-08, 1.167418355871308391e-02, 9.907147708467379642e-04, 2.550405079400748076e-03, 1.144804834090566326e+00, 1.126615967582442408e+03, 9.566647744857642101e+04
4.461676814830968141e+01, 8.136638522562721923e-08, 1.236485825169496636e-02, 1.038487691078191682e-03, 2.686881245209620742e-03, 1.145412119553199215e+00, 1.158093571433994384e+03, 1.000672982614966895e+05
4.479105239888901480e+01, 8.935883462829814310e-08, 1.308565453352241933e-02, 1.087466631900686331e-03, 2.828155705694696421e-03, 1.146019727162998381e+00, 1.190450658244021952e+03, 1.046705643232016446e+05
4.496533664946834818e+01, 9.805712814737050153e-08, 1.383674100111657521e-02, 1.137608246149091800e-03, 2.973828364365639198e-03, 1.146627657090853347e+00, 1.223711800730254708e+03, 1.094855884597519034e+05
4.513962090004768868e+01, 1.074719158353189916e-07, 1.461818093263517714e-02, 1.188829584013382547e-03, 3.123619416526294580e-03, 1.147235909507744456e+00, 1.257902258171146286e+03, 1.145221119030604023e+05
4.531390515062702207e+01, 1.176078377148024959e-07, 1.542987540808546040e-02, 1.241097606102573112e-03, 3.277574238998018103e-03, 1.147844484584742641e+00, 1.293047995588352251e+03, 1.197903239982894884e+05
4.548818940120635546e+01, 1.285094966094288786e-07, 1.627155555207710977e-02, 1.294332598890892208e-03, 3.435402687132885474e-03, 1.148453382493009656e+00, 1.329175703465167089e+03, 1.253008828178248514e+05
4.566247365178568884e+01, 1.402697492513107190e-07, 1.714278176321340497e-02, 1.348492870508233819e-03, 3.596713528272768058e-03, 1.149062603403798066e+00, 1.366312818015891480e+03, 1.310649367235239915e+05
4.583675790236502223e+01, 1.530223164489331665e-07, 1.804296431646949458e-02, 1.403474454274329566e-03, 3.760776584890454174e-03, 1.149672147488451257e+00, 1.404487542021527133e+03, 1.370941469208682538e+05
4.601104215294435562e+01, 1.669109533300644334e-07, 1.897133310850220370e-02, 1.459184084577862381e-03, 3.926433425126836518e-03, 1.150282014918403428e+00, 1.443728866247617816e+03, 1.434007110506409954e+05
4.618532640352369611e+01, 1.819050468288473035e-07, 1.992688608373923559e-02, 1.515523214103526098e-03, 4.093354282478850643e-03, 1.150892205865180040e+00, 1.484066591460506061e+03, 1.499973878658652829e+05
4.635961065410302950e+01, 1.979771741639971946e-07, 2.090830202373088545e-02, 1.572446544070633945e-03, 4.261283562170318368e-03, 1.151502720500397148e+00, 1.525531351058721611e+03, 1.568975230439228471e+05
4.653389490468236289e+01, 2.149952249152755520e-07, 2.191397650850122891e-02, 1.629988772824259849e-03, 4.429807305505822045e-03, 1.152113558995761844e+00, 1.568154634336690378e+03, 1.641150761860719067e+05
4.670817915526169628e+01, 2.329693875073305963e-07, 2.294206936938254435e-02, 1.688099949277202180e-03, 4.597585182928941479e-03, 1.152724721523072704e+00, 1.611968810398431287e+03, 1.716646490589926834e+05
4.688246340584102967e+01, 2.520249183624847344e-07, 2.399051387915508010e-02, 1.746824731503295557e-03, 4.764357464573004512e-03, 1.153336208254219120e+00, 1.657007152739399544e+03, 1.795615151354880072e+05
4.705674765642037016e+01, 2.722699003450593025e-07, 2.505700943505582284e-02, 1.806196125694109565e-03, 4.930128318695332912e-03, 1.153948019361181743e+00, 1.703303864515146643e+03, 1.878216504941091698e+05
4.723103190699970355e+01, 2.939248561159957758e-07, 2.613907932105074411e-02, 1.866317661440249293e-03, 5.094378683789072340e-03, 1.154560155016032263e+00, 1.750894104515985191e+03, 1.964617661402174854e+05
4.740531615757903694e+01, 3.170965206137299804e-07, 2.723414202902063250e-02, 1.927348039415342469e-03, 5.256802063585411765e-03, 1.155172615390934077e+00, 1.799814013867384574e+03, 2.054993418138660782e+05
4.757960040815837033e+01, 3.419848820427059952e-07, 2.833949836214015236e-02, 1.989451448394108889e-03, 5.415559457741044198e-03, 1.155785400658141615e+00, 1.850100743476374646e+03, 2.149526613529073365e+05
4.775388465873770372e+01, 3.687253873799469936e-07, 2.945232852085388764e-02, 2.052723003443490506e-03, 5.568990822746104977e-03, 1.156398510990000572e+00, 1.901792482244802613e+03, 2.248408496828573407e+05
4.792816890931703711e+01, 3.973597581752616798e-07, 3.056951281299194814e-02, 2.117298067411064674e-03, 5.716107388271989866e-03, 1.157011946558948345e+00, 1.954928486070864892e+03, 2.351839115083632933e+05
4.810245315989637760e+01, 4.279750382473027548e-07, 3.168755180872551147e-02, 2.183430895621472911e-03, 5.856629796622609373e-03, 1.157625707537513815e+00, 2.009549107660936443e+03, 2.460027717845383740e+05
4.827673741047571099e+01, 4.607154743031787199e-07, 3.280261127094619145e-02, 2.251446110272370491e-03, 5.990495147244073032e-03, 1.158239794098317343e+00, 2.065695827174355600e+03, 2.573193180500509043e+05
4.845102166105504438e+01, 4.956274625691074116e-07, 3.391062979679303896e-02, 2.321859839047173656e-03, 6.117731150217099560e-03, 1.158854206414070331e+00, 2.123411283724406530e+03, 2.691564447076078504e+05
4.862530591163437776e+01, 5.324305791354687781e-07, 3.500745183645222885e-02, 2.395185757637160236e-03, 6.237059673768060100e-03, 1.159468944657576550e+00, 2.182739307759447911e+03, 2.815380993414112600e+05
4.879959016221371115e+01, 5.706911947958265502e-07, 3.608889579996498592e-02, 2.471981620328400457e-03, 6.345828633118151194e-03, 1.160084009001731253e+00, 2.243724954348763731e+03, 2.944893311653037090e+05
4.897387441279305165e+01, 6.102093299044453274e-07, 3.715073712467634875e-02, 2.552753399117482173e-03, 6.442037688316481353e-03, 1.160699399619520955e+00, 2.306414537398422908e+03, 3.080363416996037122e+05
4.914815866337238504e+01, 6.513602548112218225e-07, 3.818861524072356822e-02, 2.638081908354409505e-03, 6.525994750155611479e-03, 1.161315116684024540e+00, 2.370855664823128336e+03, 3.222065377791663050e+05
4.932244291395171842e+01, 6.945960516687555484e-07, 3.919808974087748976e-02, 2.728590890637688521e-03, 6.599174223959538600e-03, 1.161931160368412375e+00, 2.437097274700763137e+03, 3.370285869999054703e+05
4.949672716453105181e+01, 7.407267157875625369e-07, 4.017486374021646961e-02, 2.824958519022008341e-03, 6.661693034879826239e-03, 1.162547530845946753e+00, 2.505189672437096760e+03, 3.525324757159450091e+05
4.967101141511038520e+01, 7.903902642895277499e-07, 4.111498538108419865e-02, 2.927826453912345771e-03, 6.713384264213288592e-03, 1.163164228289981672e+00, 2.575184568968867552e+03, 3.687495697047456051e+05
4.984529566568972569e+01, 8.438692535770645305e-07, 4.201492513200567186e-02, 3.037678856699700582e-03, 6.751867676185082691e-03, 1.163781252873963723e+00, 2.647135120034264219e+03, 3.857126776229218231e+05
5.001957991626905908e+01, 9.009403312327419982e-07, 4.287156179860025784e-02, 3.154909447905428471e-03, 6.776067462530615572e-03, 1.164398604771430534e+00, 2.721095966540614882e+03, 4.034561173811441986e+05
5.019386416684839247e+01, 9.604776594949792803e-07, 4.368198837260912903e-02, 3.279916733366057026e-03, 6.786548468824934489e-03, 1.165016284156012771e+00, 2.797123276059955515e+03, 4.220157855723906541e+05
5.036814841742772586e+01, 1.021576265112384620e-06, 4.444354632468027616e-02, 3.413000003314059332e-03, 6.784325302508518139e-03, 1.165634291201432582e+00, 2.875274785483975393e+03, 4.414292300940216519e+05
5.054243266800705925e+01, 1.083903588924649544e-06, 4.515391367036478837e-02, 3.554438778226229161e-03, 6.770366467261494138e-03, 1.166252626081504484e+00, 2.955609844870746656e+03, 4.617357261105951620e+05
5.071671691858639264e+01, 1.147978778087315492e-06, 4.581121353821387965e-02, 3.704412758343694073e-03, 6.746607941107157433e-03, 1.166871288970135145e+00, 3.038189462516526874e+03, 4.829763555110928137e+05
5.089100116916573313e+01, 1.214831591957931723e-06, 4.641418419558453884e-02, 3.862988751011132114e-03, 6.713773562116321508e-03, 1.167490280041323603e+00, 3.123076351286862518e+03, 5.051940900213251007e+05
5.106528541974506652e+01, 1.284955992516526838e-06, 4.696225279504386008e-02, 4.030109364115574966e-03, 6.671547442280875879e-03, 1.168109599469160820e+00, 3.210334976242188532e+03, 5.284338781396368286e+05
5.123956967032439991e+01, 1.358144572343512596e-06, 4.745538195674920551e-02, 4.205709088393967676e-03, 6.619578579618795762e-03, 1.168729247427830797e+00, 3.300031603594080025e+03, 5.527427360718109412e+05
5.141385392090373330e+01, 1.433912812936385225e-06, 4.789393334857355161e-02, 4.389865806721159232e-03, 6.559364109659500917e-03, 1.169349224091609241e+00, 3.392234351029341269e+03, 5.781698428491340019e+05
5.158813817148306669e+01, 1.512145615052578167e-06, 4.827857014715278977e-02, 4.582566762338651130e-03, 6.492472684232169187e-03, 1.169969529634864669e+00, 3.487013239440146663e+03, 6.047666398220434785e+05
5.176242242206240718e+01, 1.592788951870486724e-06, 4.861043045695825210e-02, 4.783757649330373785e-03, 6.419441955913528577e-03, 1.170590164232057973e+00, 3.584440246099522938e+03, 6.325869347306682030e+05
5.193670667264174057e+01, 1.676212970816783256e-06, 4.889127197535693414e-02, 4.993263918453003276e-03, 6.341347268771536927e-03, 1.171211128057742634e+00, 3.684589359322546443e+03, 6.616870105627743760e+05
5.211099092322107396e+01, 1.762963067412565463e-06, 4.912351391625183888e-02, 5.211006285063975695e-03, 6.261077301870597404e-03, 1.171832421286564951e+00, 3.787536634654778481e+03, 6.921257394193784567e+05
5.228527517380040734e+01, 1.852883597397813025e-06, 4.931031667342559988e-02, 5.436549319152043924e-03, 6.179272828217627703e-03, 1.172454044093263370e+00, 3.893360252630598552e+03, 7.239647016183567466e+05
5.245955942437974073e+01, 1.945201405707723069e-06, 4.945572921180312748e-02, 5.669127501062398537e-03, 6.096335723101775975e-03, 1.173075996652669373e+00, 4.002140578145305426e+03, 7.572683102770338301e+05
5.263384367495907412e+01, 2.039249494934097416e-06, 4.956454895188807525e-02, 5.907822940134007175e-03, 6.014566062943273693e-03, 1.173698279139707257e+00, 4.113960221486069713e+03, 7.921039416257840348e+05
5.280812792553841462e+01, 2.135502074767886437e-06, 4.964219619353377883e-02, 6.151629680021282812e-03, 5.936554934323412178e-03, 1.174320891729393912e+00, 4.228904101068093951e+03, 8.285420713162658503e+05
5.298241217611774800e+01, 2.234460004438314695e-06, 4.969447524113843051e-02, 6.399409871559018533e-03, 5.863956719778614345e-03, 1.174943834596839043e+00, 4.347059507923609999e+03, 8.666564170000887243e+05
5.315669642669708139e+01, 2.336693080302754878e-06, 4.972747522016848776e-02, 6.649888784252490706e-03, 5.798723303873257705e-03, 1.175567107917245391e+00, 4.468516171992708223e+03, 9.065240874663190916e+05
5.333098067727641478e+01, 2.442212127945726410e-06, 4.974743457974946381e-02, 6.901889988805979398e-03, 5.742400754900396469e-03, 1.176190711865908511e+00, 4.593366330266314435e+03, 9.482257386395799695e+05
5.350526492785574817e+01, 2.551292432609342484e-06, 4.976062382890973634e-02, 7.154136722801928729e-03, 5.695272806614419710e-03, 1.176814646618217219e+00, 4.721704796833094406e+03, 9.918457367543308064e+05
5.367954917843508866e+01, 2.664228175853044842e-06, 4.977315468920692071e-02, 7.405428543815480852e-03, 5.657657841861312396e-03, 1.177438912349653144e+00, 4.853629034883456370e+03, 1.037472329035423230e+06
5.385383342901442205e+01, 2.781935396305294037e-06, 4.979070581394061390e-02, 7.654990382118743303e-03, 5.631254222691006728e-03, 1.178063509235790729e+00, 4.989239230725343077e+03, 1.085197822230279911e+06
5.402811767959375544e+01, 2.905632658690488831e-06, 4.981843207270288815e-02, 7.902287966200908370e-03, 5.616942305278845374e-03, 1.178688437452298121e+00, 5.128638369868026530e+03, 1.135118769353828859e+06
5.420240193017308883e+01, 3.036136840948481077e-06, 4.986101743764487226e-02, 8.146792029310940750e-03, 5.613826158951524398e-03, 1.179313697174936282e+00, 5.271932315231677421e+03, 1.187336165024051676e+06
5.437668618075242222e+01, 3.172494311042628543e-06, 4.992282355081076317e-02, 8.387757861643753768e-03, 5.621198597630903959e-03, 1.179939288579559653e+00, 5.419229887542105644e+03, 1.241955649783271598e+06
5.455097043133175561e+01, 3.312147648437753894e-06, 5.000788912908411127e-02, 8.624710699495012969e-03, 5.640066300537894053e-03, 1.180565211842115714e+00, 5.570642947971730791e+03, 1.299087723818587139e+06
5.472525468191109610e+01, 3.452674520548428738e-06, 5.011995316917327442e-02, 8.857115474491063234e-03, 5.669770354527791864e-03, 1.181191467138645201e+00, 5.726286483089534158e+03, 1.358847970513811568e+06
5.489953893249042949e+01, 3.591947201990567641e-06, 5.026248951321839187e-02, 9.084309080177719112e-03, 5.707959472505045803e-03, 1.181818054645282778e+00, 5.886278692184510874e+03, 1.421357290285158437e+06
5.507382318306976288e+01, 3.728228599026542439e-06, 5.043857322084700778e-02, 9.305732575829983241e-03, 5.754262113128727311e-03, 1.182444974538255922e+00, 6.050741077028933432e+03, 1.486742145173802273e+06
5.524810743364909627e+01, 3.860707899363764342e-06, 5.065066818113039132e-02, 9.520922164151120887e-03, 5.807576194437654403e-03, 1.183072226993886034e+00, 6.219798534149602347e+03, 1.555134814690076513e+06
5.542239168422842965e+01, 3.989486475551174341e-06, 5.090047406296920735e-02, 9.729837271023798750e-03, 5.864933141521777929e-03, 1.183699812188587774e+00, 6.393579449677145021e+03, 1.626673663426965475e+06
5.559667593480777015e+01, 4.116889133258110201e-06, 5.118889590676300311e-02, 9.933042496718653622e-03, 5.925668514440789701e-03, 1.184327730298869508e+00, 6.572215796845403929e+03, 1.701503420984273311e+06
5.577096018538710354e+01, 4.247067803453436804e-06, 5.151615344185040551e-02, 1.013154842207957158e-02, 5.989162265667582682e-03, 1.184955981501333078e+00, 6.755843236214953322e+03, 1.779775474769752705e+06
5.594524443596643692e+01, 4.383483178175868824e-06, 5.188208269403388889e-02, 1.032637549584424635e-02, 6.053620159065535924e-03, 1.185584565972674254e+00, 6.944601218696858268e+03, 1.861648176269627176e+06
5.611952868654577031e+01, 4.528193292881258083e-06, 5.228641572265089327e-02, 1.051842866294164236e-02, 6.119100069026920177e-03, 1.186213483889682729e+00, 7.138633091454908936e+03, 1.947287161408031126e+06
5.629381293712510370e+01, 4.683656625535807882e-06, 5.272880188674912427e-02, 1.070876377139920108e-02, 6.186680502530238733e-03, 1.186842735429241014e+00, 7.338086206766764008e+03, 2.036865685643580044e+06
5.646809718770443709e+01, 4.850813200299238766e-06, 5.320866136891188453e-02, 1.089817703248369303e-02, 6.255887973638441478e-03, 1.187472320768326650e+00, 7.543112033926664481e+03, 2.130564974480902776e+06
5.664238143828377758e+01, 5.029819201542107211e-06, 5.372524971713139169e-02, 1.108746977259226531e-02, 6.327762523271907372e-03, 1.188102240084010219e+00, 7.753866274274711941e+03, 2.228574590106335469e+06
5.681666568886311097e+01, 5.218939499468606944e-06, 5.427768223417268889e-02, 1.127712335446197020e-02, 6.403271766120037511e-03, 1.188732493553456671e+00, 7.970508979440052826e+03, 2.331092814889484551e+06
5.699094993944244436e+01, 5.415939449237160281e-06, 5.486482065527516910e-02, 1.146770039575243857e-02, 6.483196936229070062e-03, 1.189363081353924878e+00, 8.193204672887777633e+03, 2.438327052526471671e+06
5.716523419002177775e+01, 5.619410979358544867e-06, 5.548509877019812409e-02, 1.165971893743648208e-02, 6.568082823665779939e-03, 1.189994003662767419e+00, 8.422122474861833325e+03, 2.550494247636514716e+06
5.733951844060111114e+01, 5.826533893373546667e-06, 5.613644645588443394e-02, 1.185353455704026525e-02, 6.657925205689058101e-03, 1.190625260657431461e+00, 8.657436230818831973e+03, 2.667821324660596903e+06
5.751380269118045163e+01, 6.031697398479292194e-06, 5.681627980959703256e-02, 1.204969492518720951e-02, 6.754213559269646450e-03, 1.191256852515457876e+00, 8.899324643450321673e+03, 2.790545646950291004e+06
5.768808694175978502e+01, 6.233511949106322699e-06, 5.752149033990355820e-02, 1.224883807527883152e-02, 6.857773763794599783e-03, 1.191888779414481903e+00, 9.147971408393659658e+03, 2.918915496975386050e+06
5.786237119233911841e+01, 6.434675787756823021e-06, 5.824871565774984716e-02, 1.245124608397755669e-02, 6.969466528578886072e-03, 1.192521041532232928e+00, 9.403565353734815289e+03, 3.053190578621923923e+06
5.803665544291845180e+01, 6.637106678023275862e-06, 5.899455470406865520e-02, 1.265688924611968989e-02, 7.090502846348090832e-03, 1.193153639046534709e+00, 9.666300583408703460e+03, 3.193642542596807238e+06
5.821093969349778519e+01, 6.843914347983895131e-06, 5.975571763405706366e-02, 1.286526303883575410e-02, 7.219433641234979972e-03, 1.193786572135305368e+00, 9.936376624606211408e+03, 3.340555536001856904e+06
5.838522394407712568e+01, 7.056462850512004133e-06, 6.052901786008228757e-02, 1.307565056667710571e-02, 7.355758502905345407e-03, 1.194419840976557401e+00, 1.021399857929973587e+04, 3.494226777189296670e+06
